,value,category
0,"La presenza di comunità ebraiche italiane è attestata sin dall'epoca romana.[1] Nel corso dei secoli la demografia e la geografia delle comunità hanno avuto delle variazioni significative, in relazione a fenomeni di espulsione o di migrazione.[2] Sono oggi ufficialmente 21 le comunità ebraiche presenti sul territorio italiano. Di numerose altre (oggi non più attive) si preservano la memoria storica e le tracce (spesso di grande rilevanza) del patrimonio artistico e culturale da esse prodotto.",Comunità Ebraiche Italiane
1,Indice,Comunità Ebraiche Italiane
2,1 Comunità ebraiche attive,Comunità Ebraiche Italiane
3,1.1 Italia settentrionale,Comunità Ebraiche Italiane
4,1.2 Italia centrale (e Sardegna),Comunità Ebraiche Italiane
5,1.3 Italia meridionale,Comunità Ebraiche Italiane
6,2 Comunità ebraiche non più attive o estinte,Comunità Ebraiche Italiane
7,2.1 Italia settentrionale,Comunità Ebraiche Italiane
8,2.1.1 Valle d'Aosta,Comunità Ebraiche Italiane
9,2.1.2 Piemonte [6],Comunità Ebraiche Italiane
10,2.1.3 Lombardia [7],Comunità Ebraiche Italiane
11,2.1.4 Veneto [8],Comunità Ebraiche Italiane
12,2.1.5 Trentino-Alto Adige [9],Comunità Ebraiche Italiane
13,2.1.6 Friuli-Venezia Giulia [10],Comunità Ebraiche Italiane
14,2.1.7 Emilia-Romagna [11],Comunità Ebraiche Italiane
15,2.2 Italia centrale (e Sardegna),Comunità Ebraiche Italiane
16,2.2.1 Toscana [12],Comunità Ebraiche Italiane
17,2.2.2 Marche [13],Comunità Ebraiche Italiane
18,2.2.3 Umbria [14],Comunità Ebraiche Italiane
19,2.2.4 Lazio [15],Comunità Ebraiche Italiane
20,2.2.5 Abruzzo [16],Comunità Ebraiche Italiane
21,2.2.6 Sardegna [17],Comunità Ebraiche Italiane
22,2.3 Italia meridionale,Comunità Ebraiche Italiane
23,2.3.1 Campania [18],Comunità Ebraiche Italiane
24,2.3.2 Puglia [19],Comunità Ebraiche Italiane
25,2.3.3 Basilicata [20],Comunità Ebraiche Italiane
26,2.3.4 Calabria [21],Comunità Ebraiche Italiane
27,2.3.5 Sicilia [22],Comunità Ebraiche Italiane
28,3 Note,Comunità Ebraiche Italiane
29,4 Bibliografia,Comunità Ebraiche Italiane
30,5 Voci correlate,Comunità Ebraiche Italiane
31,Comunità ebraiche attive[modifica | modifica wikitesto],Comunità Ebraiche Italiane
32,"Esistono oggi ventuno ""comunità ebraiche italiane"" riunite nell'Unione delle Comunità Ebraiche Italiane (UCEI). Per appartenere ad una comunità è sufficiente vivere in una ""circoscrizione"", cioè nel territorio dipendente dalla comunità in questione[3] In taluni casi all'interno della circoscrizione sono presenti una o più ""sezioni"" formate da gruppi ebraici consistenti residenti al di fuori della sede principale della comunità. Queste sezioni possono essere organizzate come piccole comunità con tanto di delegati, segreteria e luoghi di culto, ma il più delle volte hanno solo semplici funzioni elettorali.",Comunità Ebraiche Italiane
33,"La lista seguente include l'elenco delle 21 comunità, con l'indicazione delle relative circoscrizioni e della loro attuale consistenza numerica.",Comunità Ebraiche Italiane
34,Italia settentrionale[modifica | modifica wikitesto],Comunità Ebraiche Italiane
35,"Bologna (Provincia di Bologna), 220",Comunità Ebraiche Italiane
36,"Casale Monferrato (ex circondario di Casale), 10 ca.",Comunità Ebraiche Italiane
37,"Ferrara (Province di Ferrara, Forlì-Cesena e Ravenna), 100",Comunità Ebraiche Italiane
38,"Genova (Regione Liguria), 650-700 ca.",Comunità Ebraiche Italiane
39,"sezione della Spezia, 53",Comunità Ebraiche Italiane
40,"Mantova (Province di Bergamo, Brescia, Cremona e Mantova), 120",Comunità Ebraiche Italiane
41,"Merano (Regione Trentino Alto Adige), 50-60",Comunità Ebraiche Italiane
42,"Milano (Province di Como, Milano, Pavia, Sondrio, Varese), 8.000-12.000 ca.",Comunità Ebraiche Italiane
43,"Modena (Province di Modena e Reggio Emilia), 114",Comunità Ebraiche Italiane
44,sezione di Reggio Emilia,Comunità Ebraiche Italiane
45,"Padova (Province di Padova e Rovigo), 200",Comunità Ebraiche Italiane
46,"Parma (Province di Parma e Piacenza), 21",Comunità Ebraiche Italiane
47,sezione di Soragna,Comunità Ebraiche Italiane
48,"Torino (Regione Valle d'Aosta, Province di Alessandria, Asti, Cuneo e Torino), 1.280",Comunità Ebraiche Italiane
49,sezione di Acqui Terme,Comunità Ebraiche Italiane
50,sezione di Alessandria,Comunità Ebraiche Italiane
51,sezione di Asti,Comunità Ebraiche Italiane
52,sezione di Carmagnola,Comunità Ebraiche Italiane
53,sezione di Cherasco,Comunità Ebraiche Italiane
54,sezione di Chieri,Comunità Ebraiche Italiane
55,sezione di Cuneo,Comunità Ebraiche Italiane
56,sezione di Ivrea,Comunità Ebraiche Italiane
57,sezione di Mondovì,Comunità Ebraiche Italiane
58,sezione di Saluzzo,Comunità Ebraiche Italiane
59,"Trieste (Regione Friuli Venezia Giulia), 630-700",Comunità Ebraiche Italiane
60,sezione di Gorizia e Udine,Comunità Ebraiche Italiane
61,"Venezia (Province di Belluno, Treviso e Venezia), 540-600",Comunità Ebraiche Italiane
62,"Vercelli (Province di Novara e Vercelli), 36",Comunità Ebraiche Italiane
63,sezione di Biella,Comunità Ebraiche Italiane
64,"Verona (Province di Verona e Vicenza), 120",Comunità Ebraiche Italiane
65,Italia centrale (e Sardegna)[modifica | modifica wikitesto],Comunità Ebraiche Italiane
66,"Ancona (Regione Marche), 200",Comunità Ebraiche Italiane
67,sezione di Senigallia,Comunità Ebraiche Italiane
68,sezione di Urbino,Comunità Ebraiche Italiane
69,"Firenze (Province di Arezzo, Firenze, Massa Carrara, Pistoia e Siena), 950 ca.",Comunità Ebraiche Italiane
70,"sezione di Siena, 60",Comunità Ebraiche Italiane
71,"Livorno (Province di Grosseto e Livorno), 500 ca.",Comunità Ebraiche Italiane
72,sezione di Grosseto,Comunità Ebraiche Italiane
73,"sezione di Pitigliano, 3",Comunità Ebraiche Italiane
74,"Pisa ( Province di Lucca e Pisa), 85",Comunità Ebraiche Italiane
75,"sezione di Lucca, 18",Comunità Ebraiche Italiane
76,"sezione di Viareggio, 60",Comunità Ebraiche Italiane
77,"Roma (Regioni Umbria, Lazio, Abruzzo e Sardegna), 13.500-20.000 ca.",Comunità Ebraiche Italiane
78,Italia meridionale[modifica | modifica wikitesto],Comunità Ebraiche Italiane
79,"Napoli (Regioni Campania, Molise, Puglia, Basilicata, Calabria e Sicilia), 200",Comunità Ebraiche Italiane
80,sezione di Trani,Comunità Ebraiche Italiane
81,sezione di San Nicandro Garganico,Comunità Ebraiche Italiane
82,sezione di Palermo,Comunità Ebraiche Italiane
83,Comunità ebraiche non più attive o estinte[modifica | modifica wikitesto],Comunità Ebraiche Italiane
84,"Comunità ebraiche italiane un tempo fiorenti sono oggi non più attive (a causa del limitato numero di membri) o del tutto estinte (specie nell'Italia meridionale, fino alle espulsioni del XVI secolo luogo privilegiato della presenza ebraica in Italia).[4] La seguente lista ne fornisce memoria, regione per regione:[5]",Comunità Ebraiche Italiane
85,Italia settentrionale[modifica | modifica wikitesto],Comunità Ebraiche Italiane
86,Valle d'Aosta[modifica | modifica wikitesto],Comunità Ebraiche Italiane
87,Comunità ebraica di Aosta,Comunità Ebraiche Italiane
88,Piemonte [6][modifica | modifica wikitesto],Comunità Ebraiche Italiane
89,Comunità ebraica di Fossano,Comunità Ebraiche Italiane
90,Comunità ebraica di Moncalvo,Comunità Ebraiche Italiane
91,Comunità ebraica di Nizza Monferrato,Comunità Ebraiche Italiane
92,Comunità ebraica di Savigliano,Comunità Ebraiche Italiane
93,Comunità ebraica di Trino,Comunità Ebraiche Italiane
94,Lombardia [7][modifica | modifica wikitesto],Comunità Ebraiche Italiane
95,Comunità ebraica di Bozzolo,Comunità Ebraiche Italiane
96,Comunità ebraica di Ostiano,Comunità Ebraiche Italiane
97,Comunità ebraica di Pomponesco,Comunità Ebraiche Italiane
98,Comunità ebraica di Rivarolo Mantovano,Comunità Ebraiche Italiane
99,Comunità ebraica di Sabbioneta,Comunità Ebraiche Italiane
100,Comunità ebraica di Soncino,Comunità Ebraiche Italiane
101,Comunità ebraica di Viadana,Comunità Ebraiche Italiane
102,Veneto [8][modifica | modifica wikitesto],Comunità Ebraiche Italiane
103,Comunità ebraica di Castelfranco Veneto,Comunità Ebraiche Italiane
104,Comunità ebraica di Ceneda,Comunità Ebraiche Italiane
105,Comunità ebraica di Conegliano,Comunità Ebraiche Italiane
106,Comunità ebraica di Oderzo,Comunità Ebraiche Italiane
107,Comunità ebraica di Portobuffolé,Comunità Ebraiche Italiane
108,Comunità ebraica di Rovigo,Comunità Ebraiche Italiane
109,Comunità ebraica di Treviso,Comunità Ebraiche Italiane
110,Trentino-Alto Adige [9][modifica | modifica wikitesto],Comunità Ebraiche Italiane
111,Comunità ebraica di Riva del Garda,Comunità Ebraiche Italiane
112,Comunità ebraica di Trento,Comunità Ebraiche Italiane
113,Friuli-Venezia Giulia [10][modifica | modifica wikitesto],Comunità Ebraiche Italiane
114,Comunità ebraica di Chiavris,Comunità Ebraiche Italiane
115,Comunità ebraica di Cividale del Friuli,Comunità Ebraiche Italiane
116,Comunità ebraica di Gradisca d'Isonzo,Comunità Ebraiche Italiane
117,Comunità ebraica di San Daniele del Friuli,Comunità Ebraiche Italiane
118,Comunità ebraica di San Vito,Comunità Ebraiche Italiane
119,Comunità ebraica di Spilimbergo,Comunità Ebraiche Italiane
120,Emilia-Romagna [11][modifica | modifica wikitesto],Comunità Ebraiche Italiane
121,Comunità ebraica di Bertinoro,Comunità Ebraiche Italiane
122,Comunità ebraica di Busseto,Comunità Ebraiche Italiane
123,Comunità ebraica di Carpi,Comunità Ebraiche Italiane
124,Comunità ebraica di Cento,Comunità Ebraiche Italiane
125,Comunità ebraica di Correggio,Comunità Ebraiche Italiane
126,Comunità ebraica di Cortemaggiore,Comunità Ebraiche Italiane
127,Comunità ebraica di Fidenza,Comunità Ebraiche Italiane
128,Comunità ebraica di Finale Emilia,Comunità Ebraiche Italiane
129,Comunità ebraica di Fiorenzuola d'Arda,Comunità Ebraiche Italiane
130,Comunità ebraica di Forlì,Comunità Ebraiche Italiane
131,Comunità ebraica di Guastalla,Comunità Ebraiche Italiane
132,Comunità ebraica di Lugo di Romagna,Comunità Ebraiche Italiane
133,Comunità ebraica di Mirandola,Comunità Ebraiche Italiane
134,Comunità ebraica di Monticelli d'Ongina,Comunità Ebraiche Italiane
135,Comunità ebraica di Novellara,Comunità Ebraiche Italiane
136,Comunità ebraica di Pieve di Cento,Comunità Ebraiche Italiane
137,Comunità ebraica di Scandiano,Comunità Ebraiche Italiane
138,Italia centrale (e Sardegna)[modifica | modifica wikitesto],Comunità Ebraiche Italiane
139,Toscana [12][modifica | modifica wikitesto],Comunità Ebraiche Italiane
140,Comunità ebraica di Arezzo,Comunità Ebraiche Italiane
141,Comunità ebraica di Cortona,Comunità Ebraiche Italiane
142,Comunità ebraica di Monte San Savino,Comunità Ebraiche Italiane
143,Comunità ebraica di Pistoia,Comunità Ebraiche Italiane
144,Comunità ebraica di Sansepolcro,Comunità Ebraiche Italiane
145,Comunità ebraica di Santa Fiora,Comunità Ebraiche Italiane
146,Comunità ebraica di Sorano,Comunità Ebraiche Italiane
147,Marche [13][modifica | modifica wikitesto],Comunità Ebraiche Italiane
148,Comunità ebraica di Ascoli Piceno,Comunità Ebraiche Italiane
149,Comunità ebraica di Cagli,Comunità Ebraiche Italiane
150,Comunità ebraica di Camerino,Comunità Ebraiche Italiane
151,Comunità ebraica di Fano,Comunità Ebraiche Italiane
152,Comunità ebraica di Macerata,Comunità Ebraiche Italiane
153,Comunità ebraica di Pesaro,Comunità Ebraiche Italiane
154,Comunità ebraica di Sant'Angelo in Vado,Comunità Ebraiche Italiane
155,Umbria [14][modifica | modifica wikitesto],Comunità Ebraiche Italiane
156,Comunità ebraica di Acquasparta,Comunità Ebraiche Italiane
157,Comunità ebraica di Assisi,Comunità Ebraiche Italiane
158,Comunità ebraica di Amelia,Comunità Ebraiche Italiane
159,Comunità ebraica di Città di Castello,Comunità Ebraiche Italiane
160,Comunità ebraica di Foligno,Comunità Ebraiche Italiane
161,Comunità ebraica di Gubbio,Comunità Ebraiche Italiane
162,Comunità ebraica di Narni,Comunità Ebraiche Italiane
163,Comunità ebraica di Norcia,Comunità Ebraiche Italiane
164,Comunità ebraica di Orvieto,Comunità Ebraiche Italiane
165,Comunità ebraica di Perugia,Comunità Ebraiche Italiane
166,Comunità ebraica di Spoleto,Comunità Ebraiche Italiane
167,Comunità ebraica di Terni,Comunità Ebraiche Italiane
168,Comunità ebraica di Todi,Comunità Ebraiche Italiane
169,Comunità ebraica di Trevi,Comunità Ebraiche Italiane
170,Lazio [15][modifica | modifica wikitesto],Comunità Ebraiche Italiane
171,Comunità ebraica di Alatri,Comunità Ebraiche Italiane
172,Comunità ebraica di Anagni,Comunità Ebraiche Italiane
173,Comunità ebraica di Anticoli (Fiuggi),Comunità Ebraiche Italiane
174,Comunità ebraica di Ariccia,Comunità Ebraiche Italiane
175,Comunità ebraica di Campagnano,Comunità Ebraiche Italiane
176,Comunità ebraica di Cassino,Comunità Ebraiche Italiane
177,Comunità ebraica di Castelnuovo di Porto,Comunità Ebraiche Italiane
178,Comunità ebraica di Civitavecchia,Comunità Ebraiche Italiane
179,Comunità ebraica di Cori,Comunità Ebraiche Italiane
180,Comunità ebraica di Farfa,Comunità Ebraiche Italiane
181,Comunità ebraica di Ferentino,Comunità Ebraiche Italiane
182,Comunità ebraica di Fondi,Comunità Ebraiche Italiane
183,Comunità ebraica di Frascati,Comunità Ebraiche Italiane
184,Comunità ebraica di Frosinone,Comunità Ebraiche Italiane
185,Comunità ebraica di Gaeta,Comunità Ebraiche Italiane
186,Comunità ebraica di Genazzano,Comunità Ebraiche Italiane
187,Comunità ebraica di Montefiascone,Comunità Ebraiche Italiane
188,Comunità ebraica di Nepi,Comunità Ebraiche Italiane
189,Comunità ebraica di Orte,Comunità Ebraiche Italiane
190,Comunità ebraica di Ostia,Comunità Ebraiche Italiane
191,Comunità ebraica di Palestrina,Comunità Ebraiche Italiane
192,Comunità ebraica di Priverno-Piperno,Comunità Ebraiche Italiane
193,Comunità ebraica di Rieti,Comunità Ebraiche Italiane
194,Comunità ebraica di Ronciglione,Comunità Ebraiche Italiane
195,Comunità ebraica di Sacrofano,Comunità Ebraiche Italiane
196,Comunità ebraica di Segni,Comunità Ebraiche Italiane
197,Comunità ebraica di Sermoneta,Comunità Ebraiche Italiane
198,Comunità ebraica di Sezze,Comunità Ebraiche Italiane
199,Comunità ebraica di Sonnino,Comunità Ebraiche Italiane
200,Comunità ebraica di Tarquinia,Comunità Ebraiche Italiane
201,Comunità ebraica di Terracina,Comunità Ebraiche Italiane
202,Comunità ebraica di Tivoli,Comunità Ebraiche Italiane
203,Comunità ebraica di Tuscania,Comunità Ebraiche Italiane
204,Comunità ebraica di Velletri,Comunità Ebraiche Italiane
205,Comunità ebraica di Veroli,Comunità Ebraiche Italiane
206,Comunità ebraica di Viterbo,Comunità Ebraiche Italiane
207,Comunità ebraica di Vitorchiano,Comunità Ebraiche Italiane
208,Abruzzo [16][modifica | modifica wikitesto],Comunità Ebraiche Italiane
209,Comunità ebraica di Aterno,Comunità Ebraiche Italiane
210,Comunità ebraica di Lanciano,Comunità Ebraiche Italiane
211,Sardegna [17][modifica | modifica wikitesto],Comunità Ebraiche Italiane
212,Comunità ebraica di Alghero,Comunità Ebraiche Italiane
213,Comunità ebraica di Cagliari,Comunità Ebraiche Italiane
214,Comunità ebraica di Oristano,Comunità Ebraiche Italiane
215,Comunità ebraica di Sant'Antioco,Comunità Ebraiche Italiane
216,Comunità ebraica di Sassari,Comunità Ebraiche Italiane
217,Italia meridionale[modifica | modifica wikitesto],Comunità Ebraiche Italiane
218,Campania [18][modifica | modifica wikitesto],Comunità Ebraiche Italiane
219,Comunità ebraica di Ercolano,Comunità Ebraiche Italiane
220,Comunità ebraica di Nocera,Comunità Ebraiche Italiane
221,Comunità ebraica di Pompei,Comunità Ebraiche Italiane
222,Comunità ebraica di Pozzuoli,Comunità Ebraiche Italiane
223,Comunità ebraica di Salerno,Comunità Ebraiche Italiane
224,Puglia [19][modifica | modifica wikitesto],Comunità Ebraiche Italiane
225,Comunità ebraica di Alberobello,Comunità Ebraiche Italiane
226,Comunità ebraica di Alessano,Comunità Ebraiche Italiane
227,Comunità ebraica di Altamura,Comunità Ebraiche Italiane
228,Comunità ebraica di Bari,Comunità Ebraiche Italiane
229,Comunità ebraica di Brindisi,Comunità Ebraiche Italiane
230,Comunità ebraica di Castellaneta,Comunità Ebraiche Italiane
231,Comunità ebraica di Copertino,Comunità Ebraiche Italiane
232,Comunità ebraica di Cursi (via Ghetto),Comunità Ebraiche Italiane
233,Comunità ebraica di Galatina,Comunità Ebraiche Italiane
234,Comunità ebraica di Gallipoli,Comunità Ebraiche Italiane
235,Comunità ebraica di Grottaglie,Comunità Ebraiche Italiane
236,Comunità ebraica di Lecce,Comunità Ebraiche Italiane
237,Comunità ebraica di Manduria,Comunità Ebraiche Italiane
238,Comunità ebraica di Marittima,Comunità Ebraiche Italiane
239,Comunità ebraica di Martina Franca,Comunità Ebraiche Italiane
240,Comunità ebraica di Melpignano (via Catalana),Comunità Ebraiche Italiane
241,Comunità ebraica di Nardò,Comunità Ebraiche Italiane
242,Comunità ebraica di Oria,Comunità Ebraiche Italiane
243,Comunità ebraica di Ostuni,Comunità Ebraiche Italiane
244,Comunità ebraica di Otranto,Comunità Ebraiche Italiane
245,Comunità ebraica di Polignano a Mare,Comunità Ebraiche Italiane
246,Comunità ebraica sefardita di Soleto (giudecca di via Rua Catalana),Comunità Ebraiche Italiane
247,Comunità ebraica di Specchia,Comunità Ebraiche Italiane
248,Comunità ebraica di Sternatia,Comunità Ebraiche Italiane
249,Comunità ebraica di Taranto,Comunità Ebraiche Italiane
250,Comunità ebraica di Tricase,Comunità Ebraiche Italiane
251,Basilicata [20][modifica | modifica wikitesto],Comunità Ebraiche Italiane
252,Comunità ebraica di Venosa,Comunità Ebraiche Italiane
253,Calabria [21][modifica | modifica wikitesto],Comunità Ebraiche Italiane
254,Comunità ebraica di Bova Marina,Comunità Ebraiche Italiane
255,Comunità ebraica di Catanzaro,Comunità Ebraiche Italiane
256,Comunità ebraica di Castrovillari,Comunità Ebraiche Italiane
257,Comunità ebraica di Cosenza,Comunità Ebraiche Italiane
258,Comunità ebraica di Gerace,Comunità Ebraiche Italiane
259,Comunità ebraica di Gioia Tauro,Comunità Ebraiche Italiane
260,Comunità ebraica di Montaldo,Comunità Ebraiche Italiane
261,Comunità ebraica di Reggio Calabria,Comunità Ebraiche Italiane
262,Comunità ebraica di Rossano,Comunità Ebraiche Italiane
263,Comunità ebraica di Serrastretta,Comunità Ebraiche Italiane
264,Comunità ebraica di Tropea,Comunità Ebraiche Italiane
265,Sicilia [22][modifica | modifica wikitesto],Comunità Ebraiche Italiane
266,Comunità ebraica di Agira,Comunità Ebraiche Italiane
267,Comunità ebraica di Agrigento,Comunità Ebraiche Italiane
268,Comunità ebraica di Bivona,Comunità Ebraiche Italiane
269,Comunità ebraica di Caltagirone,Comunità Ebraiche Italiane
270,Comunità ebraica di Catania,Comunità Ebraiche Italiane
271,Comunità ebraica di Erice,Comunità Ebraiche Italiane
272,Comunità ebraica di Marsala,Comunità Ebraiche Italiane
273,Comunità ebraica di Messina,Comunità Ebraiche Italiane
274,Comunità ebraica di Militello (in Val di Noto),Comunità Ebraiche Italiane
275,Comunità ebraica di Mineo,Comunità Ebraiche Italiane
276,Comunità ebraica di Modica,Comunità Ebraiche Italiane
277,Comunità ebraica di Naro,Comunità Ebraiche Italiane
278,Comunità ebraica di Palermo,Comunità Ebraiche Italiane
279,Comunità ebraica di Pantelleria,Comunità Ebraiche Italiane
280,Comunità ebraica di Piazza Armerina,Comunità Ebraiche Italiane
281,Comunità ebraica di Savoca,Comunità Ebraiche Italiane
282,Comunità ebraica di Sciacca,Comunità Ebraiche Italiane
283,Comunità ebraica di Siracusa,Comunità Ebraiche Italiane
284,Comunità ebraica di Taormina,Comunità Ebraiche Italiane
285,Comunità ebraica di Trapani,Comunità Ebraiche Italiane
286,Comunità ebraica di Salemi,Comunità Ebraiche Italiane
287,Note[modifica | modifica wikitesto],Comunità Ebraiche Italiane
288,"^ Harry J Leon e Carolyn Osiek, The Jews of Ancient Rome, Peabody, MA: Hendrickson, 1995.",Comunità Ebraiche Italiane
289,"^ Bruno Segre, Gli ebrei in Italia, Firenze: Giuntina, 2001.",Comunità Ebraiche Italiane
290,^ Statuto dell'Unione delle Comunità Ebraiche[1],Comunità Ebraiche Italiane
291,"^ Cosimo Damiano Fonseca (a cura di), L'ebraismo dell'Italia meridionale peninsulare dalle origini al 1541: Congedo, 1996.",Comunità Ebraiche Italiane
292,"^ Annie Sacerdoti e David Kerr, Guida all'Italia ebraica, Venezia: Marsilio, 2003.",Comunità Ebraiche Italiane
293,"^ Renata Segre, The Jews in Piedmont, Tel Aviv: Tel Aviv University, 1986-1990.",Comunità Ebraiche Italiane
294,"^ Enrico Biagi, Gli ebrei in Lombardia, Milano: Università cattolica del Sacro Cuore, 1957.",Comunità Ebraiche Italiane
295,"^ Edgardo Morpurgo, Inchiesta sui monumenti e documenti del Veneto interessanti la storia religiosa, civile e letteraria degli ebrei, Udine: Tip. D. Del Bianco, 1912,",Comunità Ebraiche Italiane
296,"^ Giuseppe Menestrina, Gli ebrei a Trento, Trento:Trentina, 1903.",Comunità Ebraiche Italiane
297,"^ Miriam Davide, e Pietro Ioly Zorattini (a cura di), Gli Ebrei nella storia del Friuli Venezia Giulia, Firenze: Giuntina, 2016.",Comunità Ebraiche Italiane
298,"^ Shlomo Simonsohn (a cura di), Gli ebrei nello Stato Pontificio fino al Ghetto (1555), Ministero per i Beni Culturali e Ambientali, 1998.",Comunità Ebraiche Italiane
299,"^ Dora Liscia Bemporad, e Annamarcella Tedeschi Falco, Tuscany Jewish Itineraries: Places, History and Art, 1997.",Comunità Ebraiche Italiane
300,"^ Maria Luisa Moscati Benigni, Marche: itinerari ebraici, Venezia: Marsilio, 1996",Comunità Ebraiche Italiane
301,"^ Ariel Toaff, The jews in Umbria, Leiden: Brill, 1994.",Comunità Ebraiche Italiane
302,"^ Bice Migliau, Lazio: itinerari ebraici, Venezia: Marsilio, 1997.",Comunità Ebraiche Italiane
303,"^ Armando Liberato, Gli ebrei in Abruzzo, Lanciano, 1996.",Comunità Ebraiche Italiane
304,"^ Elio Moncelsi, Ebrei in Sardegna, Nuoro: Studio Stampa, 2012; Mauro Perani, Testimonianze storiche e archeologiche sulla presenza di comunità giudaiche nella Sardegna antica, Roma: Università degli studi, 1981.",Comunità Ebraiche Italiane
305,"^ Cesare Colafemmina, Documenti per la storia degli ebrei in Campania, Bari: Messaggi, 1991.",Comunità Ebraiche Italiane
306,"^ Anacleto Lupo, Gli ebrei in Puglia, Foggia : Edizioni del Rosone, 2007.",Comunità Ebraiche Italiane
307,"^ Marco Albanese, Gli uomini del non ritorno: sulle tracce degli ebrei in Basilicata dalle origini al 16. secolo, Potenza: Università degli studi, 1997.",Comunità Ebraiche Italiane
308,"^ Cesare Colafemmina, The Jews in Calabria, Leiden: Brill, 2012.",Comunità Ebraiche Italiane
309,"^ Shlomo Simonsohn, The Jews in Sicily, Leiden: Brill, 2008.",Comunità Ebraiche Italiane
310,Bibliografia[modifica | modifica wikitesto],Comunità Ebraiche Italiane
311,"(EN) Sara Reguer, The Most Tenacious of Minorities: The Jews of Italy, Boston: Academic Studies Press, 2013.",Comunità Ebraiche Italiane
312,"(EN) Annie Sacerdoti e David Kerr, Guida all'Italia ebraica, Venezia: Marsilio, 2003 (tr. inglese: The Guide to Jewish Italy, New York: Rizzoli, 2004).",Comunità Ebraiche Italiane
313,"(EN) Stanislao G. Pugliese, The Most Ancient of Minorities: The Jews of Italy, Westport, CT: Greenwood Press, 2002.",Comunità Ebraiche Italiane
314,"Bruno Segre, Gli ebrei in Italia, Firenze: Giuntina, 2001.",Comunità Ebraiche Italiane
315,"(EN) Bernard Dov Cooperman, and Barbara Garvin (a cura di), The Jews of Italy: Memory and Identity, Potomac: University Press of Maryland, 2000.",Comunità Ebraiche Italiane
316,"Luciano Tas, Storia degli ebrei italiani, Roma: Newton Compton, 1987.",Comunità Ebraiche Italiane
317,"Attlio Milano, Storia degli ebrei in Italia, Torino: Einaudi, 1963.",Comunità Ebraiche Italiane
318,"(EN) Cecil Roth, The History of the Jews of Italy, Philadelphia: The Jewish Publication Society of America, 1946.",Comunità Ebraiche Italiane
319,Voci correlate[modifica | modifica wikitesto],Comunità Ebraiche Italiane
320,Storia degli ebrei in Italia,Comunità Ebraiche Italiane
321,Storia degli ebrei in Sicilia,Comunità Ebraiche Italiane
322,Donne ebree d'Italia,Comunità Ebraiche Italiane
323,Sinagoghe in Italia,Comunità Ebraiche Italiane
324,Ghetti ebraici in Italia,Comunità Ebraiche Italiane
325,Musei ebraici in Italia,Comunità Ebraiche Italiane
326,Cimiteri ebraici in Italia,Comunità Ebraiche Italiane
327,Portale Ebraismo: accedi alle voci di Wikipedia che trattano di Ebraismo,Comunità Ebraiche Italiane
0,In Italia esistono numerosi cimiteri ebraici. Pochi di essi sono in uso o visitabili mentre la maggior parte versa in condizioni precarie. La loro presenza sul territorio ed il valore storico ed artistico delle opere marmoree in essi conservate sono importanti per la conoscenza della presenza ebraica in Italia. In alcuni casi questi cimiteri rimangono l'unica o la principale testimonianza dell'esistenza di comunità ebraiche oggi scomparse.[1].,Cimiteri Ebraici In Italia
1,"L'elenco che segue è incompleto ed include, regione per regione, i cimiteri ebraici attualmente esistenti, in qualche caso con una nota sul loro stato.",Cimiteri Ebraici In Italia
2,Indice,Cimiteri Ebraici In Italia
3,1 Piemonte,Cimiteri Ebraici In Italia
4,2 Lombardia,Cimiteri Ebraici In Italia
5,3 Liguria,Cimiteri Ebraici In Italia
6,4 Trentino-Alto Adige,Cimiteri Ebraici In Italia
7,5 Veneto,Cimiteri Ebraici In Italia
8,6 Friuli-Venezia Giulia,Cimiteri Ebraici In Italia
9,7 Emilia-Romagna,Cimiteri Ebraici In Italia
10,8 Toscana,Cimiteri Ebraici In Italia
11,9 Umbria,Cimiteri Ebraici In Italia
12,10 Marche,Cimiteri Ebraici In Italia
13,11 Lazio,Cimiteri Ebraici In Italia
14,12 Campania,Cimiteri Ebraici In Italia
15,13 Note,Cimiteri Ebraici In Italia
16,14 Voci correlate,Cimiteri Ebraici In Italia
17,15 Altri progetti,Cimiteri Ebraici In Italia
18,Piemonte[modifica | modifica wikitesto],Cimiteri Ebraici In Italia
19,Cimitero ebraico di Acqui Terme,Cimiteri Ebraici In Italia
20,Cimitero ebraico di Alessandria,Cimiteri Ebraici In Italia
21,Cimitero ebraico di Asti,Cimiteri Ebraici In Italia
22,Cimitero ebraico di Biella,Cimiteri Ebraici In Italia
23,Cimiteri ebraici di Casale Monferrato,Cimiteri Ebraici In Italia
24,Cimitero ebraico di Cherasco,Cimiteri Ebraici In Italia
25,Cimiteri ebraici di Chieri,Cimiteri Ebraici In Italia
26,Cimitero ebraico di Cuneo,Cimiteri Ebraici In Italia
27,Cimitero ebraico di Fossano,Cimiteri Ebraici In Italia
28,Cimitero ebraico di Ivrea,Cimiteri Ebraici In Italia
29,Cimitero ebraico di Moncalvo,Cimiteri Ebraici In Italia
30,Cimiteri ebraici di Mondovì,Cimiteri Ebraici In Italia
31,Cimitero ebraico di Nizza Monferrato,Cimiteri Ebraici In Italia
32,Cimitero ebraico di Saluzzo,Cimiteri Ebraici In Italia
33,Cimitero ebraico di Torino (in uso),Cimiteri Ebraici In Italia
34,Cimitero ebraico di Trino,Cimiteri Ebraici In Italia
35,Cimitero ebraico di Vercelli,Cimiteri Ebraici In Italia
36,Lombardia[modifica | modifica wikitesto],Cimiteri Ebraici In Italia
37,Cimitero ebraico di Milano presso il Cimitero Maggiore (in uso),Cimiteri Ebraici In Italia
38,Cimitero ebraico di Milano presso il Cimitero Monumentale (in uso),Cimiteri Ebraici In Italia
39,Cimitero ebraico di Bozzolo,Cimiteri Ebraici In Italia
40,Cimitero ebraico di Pomponesco,Cimiteri Ebraici In Italia
41,Cimitero ebraico di Sabbioneta,Cimiteri Ebraici In Italia
42,Cimitero ebraico di Viadana,Cimiteri Ebraici In Italia
43,cimitero ebraico di ostiano,Cimiteri Ebraici In Italia
44,cimitero ebraico di revere,Cimiteri Ebraici In Italia
45,Liguria[modifica | modifica wikitesto],Cimiteri Ebraici In Italia
46,Cimitero monumentale di Staglieno (Genova),Cimiteri Ebraici In Italia
47,Trentino-Alto Adige[modifica | modifica wikitesto],Cimiteri Ebraici In Italia
48,Cimitero ebraico di Merano,Cimiteri Ebraici In Italia
49,Cimitero ebraico di Bolzano-Oltrisarco,Cimiteri Ebraici In Italia
50,Veneto[modifica | modifica wikitesto],Cimiteri Ebraici In Italia
51,Cimitero ebraico di Venezia,Cimiteri Ebraici In Italia
52,Cimitero ebraico di Padova,Cimiteri Ebraici In Italia
53,Cimitero ebraico di Rovigo,Cimiteri Ebraici In Italia
54,Cimitero ebraico di Verona,Cimiteri Ebraici In Italia
55,Cimitero ebraico di Vittorio Veneto,Cimiteri Ebraici In Italia
56,Cimitero ebraico di Conegliano,Cimiteri Ebraici In Italia
57,Friuli-Venezia Giulia[modifica | modifica wikitesto],Cimiteri Ebraici In Italia
58,Cimitero ebraico di Gorizia,Cimiteri Ebraici In Italia
59,Cimitero ebraico di San Daniele del Friuli,Cimiteri Ebraici In Italia
60,Cimitero israelitico di Trieste,Cimiteri Ebraici In Italia
61,Emilia-Romagna[modifica | modifica wikitesto],Cimiteri Ebraici In Italia
62,Cimitero ebraico di Bologna,Cimiteri Ebraici In Italia
63,Cimitero ebraico di Busseto,Cimiteri Ebraici In Italia
64,Cimitero ebraico di Carpi,Cimiteri Ebraici In Italia
65,Cimitero ebraico di Cento,Cimiteri Ebraici In Italia
66,Cimitero ebraico di Correggio,Cimiteri Ebraici In Italia
67,Cimitero ebraico di Cortemaggiore,Cimiteri Ebraici In Italia
68,Cimitero ebraico di Ferrara-via delle Vigne,Cimiteri Ebraici In Italia
69,Cimitero levantino di Ferrara,Cimiteri Ebraici In Italia
70,Cimitero ebraico di Fidenza,Cimiteri Ebraici In Italia
71,Cimitero ebraico di Finale Emilia,Cimiteri Ebraici In Italia
72,Cimitero ebraico di Fiorenzuola d'Arda,Cimiteri Ebraici In Italia
73,Cimitero ebraico di Guastalla,Cimiteri Ebraici In Italia
74,Cimitero ebraico di Lugo,Cimiteri Ebraici In Italia
75,"Cimitero di San Cataldo (Modena), settore ebraico",Cimiteri Ebraici In Italia
76,Cimitero ebraico di Monticelli d'Ongina,Cimiteri Ebraici In Italia
77,Cimitero ebraico di Novellara,Cimiteri Ebraici In Italia
78,Cimitero ebraico di Parma,Cimiteri Ebraici In Italia
79,Cimitero ebraico di Reggio Emilia,Cimiteri Ebraici In Italia
80,Cimitero ebraico di Scandiano,Cimiteri Ebraici In Italia
81,Cimitero ebraico di Soragna,Cimiteri Ebraici In Italia
82,Toscana[modifica | modifica wikitesto],Cimiteri Ebraici In Italia
83,Cimitero monumentale ebraico di Firenze (dismesso),Cimiteri Ebraici In Italia
84,Cimitero israelitico di Firenze (in uso),Cimiteri Ebraici In Italia
85,Cimitero ebraico di viale Ippolito Nievo a Livorno (dismesso),Cimiteri Ebraici In Italia
86,Cimitero ebraico dei Lupi a Livorno (in uso),Cimiteri Ebraici In Italia
87,Cimitero ebraico di Pisa (in uso),Cimiteri Ebraici In Italia
88,Cimitero ebraico di Pitigliano (in uso),Cimiteri Ebraici In Italia
89,Umbria[modifica | modifica wikitesto],Cimiteri Ebraici In Italia
90,Cimitero ebraico di Foligno (dismesso e smantellato),Cimiteri Ebraici In Italia
91,Cimitero ebraico di Perugia (dismesso),Cimiteri Ebraici In Italia
92,Cimitero ebraico di Spoleto (dismesso e smantellato),Cimiteri Ebraici In Italia
93,Marche[modifica | modifica wikitesto],Cimiteri Ebraici In Italia
94,"Cimitero ebraico ""Campo degli Ebrei"" nel Parco del Cardeto di Ancona",Cimiteri Ebraici In Italia
95,Cimitero ebraico del Portone di Senigallia (dismesso nel 1893 e smantellato nel 1977),Cimiteri Ebraici In Italia
96,Cimitero ebraico delle Grazie di Senigallia (in uso dal 1878),Cimiteri Ebraici In Italia
97,Cimitero ebraico di Urbino (in uso),Cimiteri Ebraici In Italia
98,Cimitero ebraico di Pesaro (dismesso),Cimiteri Ebraici In Italia
99,Cimitero ebraico di Osimo (rilievo da catasto piano del 1554),Cimiteri Ebraici In Italia
100,Lazio[modifica | modifica wikitesto],Cimiteri Ebraici In Italia
101,Cimitero ebraico di Roma,Cimiteri Ebraici In Italia
102,Campania[modifica | modifica wikitesto],Cimiteri Ebraici In Italia
103,Cimitero ebraico di Napoli,Cimiteri Ebraici In Italia
104,Note[modifica | modifica wikitesto],Cimiteri Ebraici In Italia
105,"^ Annie Sacerdoti, Guida all'Italia ebraica, Marietti, Genova 1986",Cimiteri Ebraici In Italia
106,"Franco Bonilauri e Vincenza Maugeri, Cimiteri ebraici in Emilia-Romagna, De Luca editore, Roma 2002",Cimiteri Ebraici In Italia
107,"Andrea Morpurgo, Il cimitero ebraico in Italia. Storia e architettura di uno spazio identitario, Quodlibet, Macerata 2013",Cimiteri Ebraici In Italia
108,Voci correlate[modifica | modifica wikitesto],Cimiteri Ebraici In Italia
109,Comunità ebraiche italiane,Cimiteri Ebraici In Italia
110,Sinagoghe in Italia,Cimiteri Ebraici In Italia
111,Ghetti ebraici in Italia,Cimiteri Ebraici In Italia
112,Musei ebraici in Italia,Cimiteri Ebraici In Italia
113,Altri progetti[modifica | modifica wikitesto],Cimiteri Ebraici In Italia
114,Wikimedia Commons contiene immagini o altri file su cimiteri ebraici d'Italia,Cimiteri Ebraici In Italia
115,Portale Ebraismo: accedi alle voci di Wikipedia che trattano di Ebraismo,Cimiteri Ebraici In Italia
0,"In Italia esiste una rete di musei ebraici, spesso ospitati nei locali di antiche sinagoghe, a testimoniare la presenza di comunità ebraiche a livello di storia locale. Esiste dal 2011 il Museo nazionale dell'ebraismo italiano e della Shoah (MEIS) nell'ex-carcere di Ferrara, in via Piangipane, che documenta la millenaria presenza degli ebrei in Italia e i tragici avvenimenti della Shoah.",Musei Ebraici In Italia
1,"L'elenco (parziale) include, regione per regione, i musei ebraici attualmente esistenti:",Musei Ebraici In Italia
2,Indice,Musei Ebraici In Italia
3,1 Piemonte,Musei Ebraici In Italia
4,2 Veneto,Musei Ebraici In Italia
5,3 Friuli-Venezia Giulia,Musei Ebraici In Italia
6,4 Emilia-Romagna,Musei Ebraici In Italia
7,5 Toscana,Musei Ebraici In Italia
8,6 Lazio,Musei Ebraici In Italia
9,7 Puglia,Musei Ebraici In Italia
10,8 Israele,Musei Ebraici In Italia
11,9 Voci correlate,Musei Ebraici In Italia
12,Piemonte[modifica | modifica wikitesto],Musei Ebraici In Italia
13,Museo ebraico di Asti,Musei Ebraici In Italia
14,Museo ebraico di Casale Monferrato,Musei Ebraici In Italia
15,Veneto[modifica | modifica wikitesto],Musei Ebraici In Italia
16,Museo ebraico di Venezia,Musei Ebraici In Italia
17,Museo ebraico di Padova,Musei Ebraici In Italia
18,Friuli-Venezia Giulia[modifica | modifica wikitesto],Musei Ebraici In Italia
19,Museo ebraico di Gorizia,Musei Ebraici In Italia
20,Museo ebraico Carlo e Vera Wagner (Trieste),Musei Ebraici In Italia
21,Emilia-Romagna[modifica | modifica wikitesto],Musei Ebraici In Italia
22,Museo ebraico di Bologna,Musei Ebraici In Italia
23,Museo ebraico Fausto Levi di Soragna,Musei Ebraici In Italia
24,Museo nazionale dell'ebraismo italiano e della Shoah,Musei Ebraici In Italia
25,Toscana[modifica | modifica wikitesto],Musei Ebraici In Italia
26,Museo ebraico di Firenze,Musei Ebraici In Italia
27,Museo ebraico Yeshivà Marini di Livorno,Musei Ebraici In Italia
28,Museo ebraico di Pitigliano,Musei Ebraici In Italia
29,Lazio[modifica | modifica wikitesto],Musei Ebraici In Italia
30,Museo ebraico di Roma,Musei Ebraici In Italia
31,Puglia[modifica | modifica wikitesto],Musei Ebraici In Italia
32,Sinagoga museo Sant'Anna di Trani,Musei Ebraici In Italia
33,"Museo Ebraico di Lecce "" Jewish Museum Lecce"" - www.palazzotaurino.com",Musei Ebraici In Italia
34,Israele[modifica | modifica wikitesto],Musei Ebraici In Italia
35,"Alla lista dei musei italiani vanno aggiunti almeno tre musei in Israele che preservano testimonianze fondamentali della cultura ebraica in Italia, nonché gli arredi originari di intere sinagoghe italiane:",Musei Ebraici In Italia
36,"Israel Museum, Gerusalemme",Musei Ebraici In Italia
37,Museo Italiano di Gerusalemme,Musei Ebraici In Italia
38,"Eretz Museum, Tel Aviv",Musei Ebraici In Italia
39,Voci correlate[modifica | modifica wikitesto],Musei Ebraici In Italia
40,Comunità ebraiche italiane,Musei Ebraici In Italia
41,Sinagoghe in Italia,Musei Ebraici In Italia
42,Ghetti ebraici in Italia,Musei Ebraici In Italia
43,Cimiteri ebraici in Italia,Musei Ebraici In Italia
44,Portale Ebraismo: accedi alle voci di Wikipedia che trattano di ebraismo,Musei Ebraici In Italia
0,"Numerosi ghetti ebraichi furono istituiti in Italia tra il XVI e il XIX secolo nelle città di residenza degli ebrei, secondo i dettami della bolla ""Cum nimis absurdum"" di papa Paolo IV del 1555. La chiusura dei ghetti avvenne nell'Ottocento come conseguenza del processo di emancipazione degli ebrei italiani.",Ghetti Ebraici In Italia
1,Indice,Ghetti Ebraici In Italia
2,1 Storia,Ghetti Ebraici In Italia
3,2 I ghetti ebraici in Italia,Ghetti Ebraici In Italia
4,2.1 Piemonte,Ghetti Ebraici In Italia
5,2.2 Lombardia,Ghetti Ebraici In Italia
6,2.3 Veneto,Ghetti Ebraici In Italia
7,2.4 Friuli-Venezia Giulia,Ghetti Ebraici In Italia
8,2.5 Emilia-Romagna,Ghetti Ebraici In Italia
9,2.6 Liguria,Ghetti Ebraici In Italia
10,2.7 Toscana,Ghetti Ebraici In Italia
11,2.8 Trentino,Ghetti Ebraici In Italia
12,2.9 Marche,Ghetti Ebraici In Italia
13,2.10 Lazio,Ghetti Ebraici In Italia
14,2.11 Campania,Ghetti Ebraici In Italia
15,2.12 Puglia,Ghetti Ebraici In Italia
16,2.13 Calabria,Ghetti Ebraici In Italia
17,2.14 Sardegna,Ghetti Ebraici In Italia
18,2.15 Sicilia,Ghetti Ebraici In Italia
19,3 Note,Ghetti Ebraici In Italia
20,4 Voci correlate,Ghetti Ebraici In Italia
21,Storia[modifica | modifica wikitesto],Ghetti Ebraici In Italia
22,"L'istituzione dei ghetti a partire del XVI secolo fu limitata al Centro-Nord d'Italia, poiché come conseguenza dei decreti di espulsione non esistevano più all'epoca comunità ebraiche nel Meridione. In alcune realtà locali gli ebrei furono capaci di ritardare (come in Piemonte) o evitare (come a Livorno o a Pisa) l'istituzione del ghetto, o limitarne alcuni degli effetti restrittivi. Fu solo comunque alla fine del Settecento, con la diffusione degli ideali della rivoluzione francese e l'occupazione francese che i ghetti furono progressivamente aboliti. L'emancipazione degli ebrei promossa in Piemonte fin dal 1848 dallo Statuto Albertino divenne legge del nuovo Stato italiano. L'ultimo ghetto ad essere abolito fu quello di Roma nel 1870, all'indomani dell'annessione.",Ghetti Ebraici In Italia
23,"Molti dei ghetti furono abbandonati dalla popolazione ebraica e caddero in una situazione di degrado e abbandono, altri rimasero il centro (non più coatto) della vita della comunità locale. A cavallo tra Ottocento e Novecento molti dei ghetti furono interessati dall'opera di risanamento di cui furono oggetto molti degli antichi centri storici delle città italiane. Alcuni ghetti furono totalmente demoliti (Firenze), in altri casi largamente rimaneggiati con demolizioni e sventramenti (Roma, Mantova). In altri casi il ghetto si è conservato pressoché integro (Venezia).[1]",Ghetti Ebraici In Italia
24,"Oggi è in molti casi ancora possibile riconoscere l'area dei vecchi ghetti, il luogo dove erano collocate le porte, le abitazioni con i loro cortili e passaggi interni, le sinagoghe che di regola dovevano essere nascoste e prive di segni esteriori di riconoscimento. In anni recenti, i ghetti sono diventati una attrazione turistica e sforzi sono stati compiuti da alcune amministrazioni locali per preservarne le tracce rimaste e farne parte fruibile di itinerari turistici. La logica della preservazione della memoria e della conservazione di ambienti anche non monumentali ma di interesse storico sta sostituendosi alla politica dell'abbandono e dell'incuria che specie nei decenni successivi alla seconda guerra mondiale ha causato perdite inestimabili al patrimonio storico, artistico e culturale italiano. Il termine ghetto deriva dal termine veneziano ""fonderia"".",Ghetti Ebraici In Italia
25,I ghetti ebraici in Italia[modifica | modifica wikitesto],Ghetti Ebraici In Italia
26,"L'elenco (incompleto) offre una lista, regione per regione secondo l'ordine di istituzione, dei ghetti ebraici in Italia, con l'anno di apertura e di chiusura definitiva e note sintetiche sul loro attuale stato di preservazione:",Ghetti Ebraici In Italia
27,Piemonte[modifica | modifica wikitesto],Ghetti Ebraici In Italia
28,Ghetto di Torino (1679-1848),Ghetti Ebraici In Italia
29,Ghetto di Fossano (1705-1848),Ghetti Ebraici In Italia
30,Ghetto di Alessandria (1723-1848),Ghetti Ebraici In Italia
31,Ghetto di Asti (1723-1848),Ghetti Ebraici In Italia
32,Ghetto di Casale Monferrato (1723-1848),Ghetti Ebraici In Italia
33,Ghetto di Nizza Monferrato (1723-1848),Ghetti Ebraici In Italia
34,Ghetto di Trino (1723-1848),Ghetti Ebraici In Italia
35,Ghetto di Vercelli (1723-1848),Ghetti Ebraici In Italia
36,Ghetto di Biella (1724-1848),Ghetti Ebraici In Italia
37,Ghetto di Carmagnola (1724-1848),Ghetti Ebraici In Italia
38,Ghetto di Chieri (1724-1848),Ghetti Ebraici In Italia
39,Ghetto di Cuneo (1724-1848),Ghetti Ebraici In Italia
40,Ghetto di Ivrea (1724-1848),Ghetti Ebraici In Italia
41,Ghetto di Mondovì (1724-1848),Ghetti Ebraici In Italia
42,Ghetto di Saluzzo (1724-1848),Ghetti Ebraici In Italia
43,Ghetto di Acqui Terme (1731-1848),Ghetti Ebraici In Italia
44,Ghetto di Moncalvo (1732-1848),Ghetti Ebraici In Italia
45,Ghetto di Cherasco (1740-1848),Ghetti Ebraici In Italia
46,Ghetto di Savigliano (1774-1848),Ghetti Ebraici In Italia
47,Lombardia[modifica | modifica wikitesto],Ghetti Ebraici In Italia
48,"Ghetto di Mantova (1612-1798), parzialmente demolito (1904)",Ghetti Ebraici In Italia
49,Ghetto di Iseo (1740-1945),Ghetti Ebraici In Italia
50,Veneto[modifica | modifica wikitesto],Ghetti Ebraici In Italia
51,"Ghetto di Venezia (1516-1797), integro",Ghetti Ebraici In Italia
52,Ghetto di Verona (1600-1797),Ghetti Ebraici In Italia
53,Ghetto di Padova (1603-1797),Ghetti Ebraici In Italia
54,Friuli-Venezia Giulia[modifica | modifica wikitesto],Ghetti Ebraici In Italia
55,Ghetto di Trieste (1684-1784),Ghetti Ebraici In Italia
56,Ghetto di Gorizia (1698-1784),Ghetti Ebraici In Italia
57,Ghetto di Gradisca (1769-1782),Ghetti Ebraici In Italia
58,Emilia-Romagna[modifica | modifica wikitesto],Ghetti Ebraici In Italia
59,Ghetto di Bologna (1566-1859),Ghetti Ebraici In Italia
60,Ghetto di Mirandola (1602-1637),Ghetti Ebraici In Italia
61,Ghetto di Ferrara (1627-1859),Ghetti Ebraici In Italia
62,Ghetto di Cento (1638-1831),Ghetti Ebraici In Italia
63,Ghetto di Lugo (1639-1831),Ghetti Ebraici In Italia
64,Ghetto di Reggio nell'Emilia (1669-1797),Ghetti Ebraici In Italia
65,Liguria[modifica | modifica wikitesto],Ghetti Ebraici In Italia
66,Ghetto di Genova,Ghetti Ebraici In Italia
67,Ghetto di Lerici,Ghetti Ebraici In Italia
68,Toscana[modifica | modifica wikitesto],Ghetti Ebraici In Italia
69,"Ghetto di Firenze (1571-1848), demolito (1885-1895)",Ghetti Ebraici In Italia
70,Ghetto di Siena (1571-1848),Ghetti Ebraici In Italia
71,Ghetto di Pitigliano (1622-1861),Ghetti Ebraici In Italia
72,Trentino[modifica | modifica wikitesto],Ghetti Ebraici In Italia
73,Ghetto di Borgo Valsugana (n.a.-n.a.),Ghetti Ebraici In Italia
74,Ghetto di Mori (n.a.-n.a.),Ghetti Ebraici In Italia
75,Ghetto di Nomi (n.a.-n.a.),Ghetti Ebraici In Italia
76,Ghetto di Pergine Valsugana (n.a.-n.a.),Ghetti Ebraici In Italia
77,Ghetto di Riva del Garda (n.a.-n.a.),Ghetti Ebraici In Italia
78,Ghetto di Rovereto (n.a.-n.a.),Ghetti Ebraici In Italia
79,Ghetto di Strigno (n.a.-n.a.),Ghetti Ebraici In Italia
80,Ghetto di Trento (n.a.-n.a.),Ghetti Ebraici In Italia
81,Marche[modifica | modifica wikitesto],Ghetti Ebraici In Italia
82,Ghetto di Ancona (1555-1861),Ghetti Ebraici In Italia
83,Ghetto di Osimo (1555-1861),Ghetti Ebraici In Italia
84,Ghetto di Pesaro (1632-1861),Ghetti Ebraici In Italia
85,Ghetto di Urbino (1633-1861),Ghetti Ebraici In Italia
86,Ghetto di Senigallia (1634-1861),Ghetti Ebraici In Italia
87,Lazio[modifica | modifica wikitesto],Ghetti Ebraici In Italia
88,. Ghetto di Fondi,Ghetti Ebraici In Italia
89,(1888),Ghetti Ebraici In Italia
90,Ghetto di Ronciglione (n.a.-n.a.) [1],Ghetti Ebraici In Italia
91,Ghetto di Sacrofano (n.a.-n.a.),Ghetti Ebraici In Italia
92,Ghetto di Tivoli (1555-1847),Ghetti Ebraici In Italia
93,Ghetto di Sermoneta (n.a-n.a),Ghetti Ebraici In Italia
94,Campania[modifica | modifica wikitesto],Ghetti Ebraici In Italia
95,Ghetto di Capua (1375-1540)[2],Ghetti Ebraici In Italia
96,Puglia[modifica | modifica wikitesto],Ghetti Ebraici In Italia
97,Ghetto di Manduria,Ghetti Ebraici In Italia
98,Claustro giudecca di Altamura.,Ghetti Ebraici In Italia
99,Calabria[modifica | modifica wikitesto],Ghetti Ebraici In Italia
100,Giudecca di Nicotera,Ghetti Ebraici In Italia
101,Sardegna[modifica | modifica wikitesto],Ghetti Ebraici In Italia
102,Ghetto degli ebrei (Cagliari),Ghetti Ebraici In Italia
103,Sicilia[modifica | modifica wikitesto],Ghetti Ebraici In Italia
104,"Giudecca di Siracusa (n.a.-1492), ex ghetto ebraico[3]",Ghetti Ebraici In Italia
105,"Giudecca di Caltagirone (n.a - 1492), oggi Zona Miracoli",Ghetti Ebraici In Italia
106,Note[modifica | modifica wikitesto],Ghetti Ebraici In Italia
107,^,Ghetti Ebraici In Italia
108,"a b Annie Sacerdoti, Guida all'Italia ebraica, Marietti, Genova 1986.",Ghetti Ebraici In Italia
109,"^ Storia Civile Della Fedelissima Città di Capua, di Francesco Granata, pagg.320-321",Ghetti Ebraici In Italia
110,"^ Si faccia attenzione però alla situazione siciliana, giacché tranne il caso dell'anomalia siracusana, in Sicilia gli Ebrei vivevano nelle giudecche, quartieri delle città che con l'espandersi delle stesse si fondeva senza soluzione di continuità, trovandosi anche protette dalle stesse mura urbiche.",Ghetti Ebraici In Italia
111,Voci correlate[modifica | modifica wikitesto],Ghetti Ebraici In Italia
112,Comunità ebraiche italiane,Ghetti Ebraici In Italia
113,Giudecca (quartiere ebraico),Ghetti Ebraici In Italia
114,Sinagoghe in Italia,Ghetti Ebraici In Italia
115,Musei ebraici in Italia,Ghetti Ebraici In Italia
116,Cimiteri ebraici in Italia,Ghetti Ebraici In Italia
117,Portale Ebraismo: accedi alle voci di Wikipedia che trattano di Ebraismo,Ghetti Ebraici In Italia
0,"In Italia, esistono numerose sinagoghe a testimonianza di una presenza ebraica che risale all'epoca romana.",Sinagoghe In Italia
1,Indice,Sinagoghe In Italia
2,1 Storia della sinagoga in Italia,Sinagoghe In Italia
3,2 Sinagoghe abbandonate,Sinagoghe In Italia
4,3 Elenco delle sinagoghe italiane,Sinagoghe In Italia
5,3.1 Piemonte,Sinagoghe In Italia
6,3.2 Liguria,Sinagoghe In Italia
7,3.3 Lombardia,Sinagoghe In Italia
8,3.4 Veneto,Sinagoghe In Italia
9,3.5 Trentino-Alto Adige,Sinagoghe In Italia
10,3.6 Friuli-Venezia Giulia,Sinagoghe In Italia
11,3.7 Emilia-Romagna,Sinagoghe In Italia
12,3.8 Toscana,Sinagoghe In Italia
13,3.9 Marche,Sinagoghe In Italia
14,3.10 Umbria,Sinagoghe In Italia
15,3.11 Lazio,Sinagoghe In Italia
16,3.12 Campania,Sinagoghe In Italia
17,3.13 Puglia,Sinagoghe In Italia
18,3.14 Calabria,Sinagoghe In Italia
19,3.15 Sardegna,Sinagoghe In Italia
20,3.16 Sicilia,Sinagoghe In Italia
21,4 Note,Sinagoghe In Italia
22,5 Voci correlate,Sinagoghe In Italia
23,Storia della sinagoga in Italia[modifica | modifica wikitesto],Sinagoghe In Italia
24,"Le prime sinagoghe in Italia risalgono all'epoca romana. Avevano carattere monumentale e servivano come luogo di culto e centro comunitario per le numerose e fiorenti comunità ebraiche presenti sotto l'Impero romano. L'esempio più notevole preservatosi è quello della sinagoga di Ostia Antica, uno degli esempi migliori di sinagoga ellenistico-romana in Europa. Ad essa si affianca la sinagoga di Bova Marina di cui rimane il bel pavimento a mosaico.",Sinagoghe In Italia
25,"Con l'affermarsi del Cristianesimo come religione ufficiale dell'Impero romano, entrarono in vigore anche tutta una serie di leggi restrittive a regolare la presenza dei luoghi di culto ebraici nei paesi cristiani. Fino al periodo dell'emancipazione nell'Ottocento, le sinagoghe non poterono assumere nuovamente aspetto monumentale. Tale caratteristica si accentuò col tempo anche per motivi di autodifesa. Restano in Italia pochi esempi ancora integri di sinagoghe la cui costruzione preceda l'istituzione dei ghetti, tra cui la sinagoga di Casale Monferrato. A Trani, Cagliari o Messina gli edifici di alcune sinagoghe sono sopravvissuti solo perché trasformate in chiese in seguito ai decreti di espulsione nel XV secolo.",Sinagoghe In Italia
26,"Con l'istituzione dei ghetti, a partire dal XVI secolo, venne anche l'obbligo di locazione della sinagoghe all'interno del ghetto stesso ed il divieto assoluto di alcun segno distintivo all'esterno. Le antiche sinagoghe che vennero a trovarsi nei centri minori o al di fuori del perimetro dei ghetti dovettero essere abbandonate. Nelle sinagoghe di ghetto nulla doveva tradire la loro presenza dall'esterno; per contrasto, gli interni erano riccamente decorati secondo gli stili architettonici in voga all'epoca (barocco, rococò, neoclassico). Nell'area degli antichi ghetti rimangono alcune delle più belle sinagoghe italiane, specialmente in Veneto (Venezia, Padova), in Piemonte (Carmagnola), in Toscana (Siena, Pitigliano), e nelle Marche (Ancona, Pesaro, Senigallia).",Sinagoghe In Italia
27,"Nel clima di libertà seguente all'emancipazione degli ebrei d'Italia a partire dal 1848, fu possibile la costruzione di grandi edifici monumentali. Talora antiche sinagoghe si dotarono di facciate e ingressi monumentali (Asti, Pisa), in altri casi si costruirono grandiosi nuovi edifici nell'area del ghetto (Roma, Vercelli) o nei nuovi quartieri di residenza degli ebrei (Torino, Firenze, Milano).",Sinagoghe In Italia
28,"Nel Novecento comincia ad avvertirsi il problema dell'abbandono di molte sinagoghe dovuto alla spopolamento dei centri minori. Le uniche nuove costruzioni monumentali sono date nel 1912 dalla sinagoga di Trieste (peraltro all'epoca la città faceva parte dell'Impero austro-ungarico e non dell'Italia) e, in epoca fascista, dalla sinagoga di Fiume - oggi in Croazia - (1928) e dalla sinagoga di Genova (1935). Nel 1962 Livorno offre l'unico esempio di sinagoga monumentale costruita in stile moderno dopo la seconda guerra mondiale al posto dell'antico tempio distrutto dai bombardamenti. Negli altri casi dove si erano avuti analoghi ingenti danni (come a Torino, Milano o Bologna) fu in genere preferita un'opera di restauro e ricostruzione.",Sinagoghe In Italia
29,"Considerato il declino demografico della presenza ebraica in Italia il problema maggiore appare oggi quello della tutela e preservazione degli edifici sinagogali. Sembra essersi interrotta la pratica dello smantellamento degli edifici abbandonati (che ha portato al trasferimento in Israele degli arredi e decorazioni di intere sinagoghe, come quelle di Conegliano e Vittorio Veneto, con grave perdita per il patrimonio artistico e culturale italiano). Con una maggiore sensibilità da parte delle autorità nazionali e locali, prevale oggi la tendenza al restauro ed uso per fini comunitari o culturali delle sinagoghe esistenti.",Sinagoghe In Italia
30,Sinagoghe abbandonate[modifica | modifica wikitesto],Sinagoghe In Italia
31,"In seguito ai frequenti flussi migratori (spesso forzati) degli ebrei in Italia, molte sinagoghe furono abbandonate. Alcune delle più antiche si sono preservate perché trasformate in chiese in seguito ai decreti di espulsione che del XVI secolo interessarono il Meridione ed i territori sotto il controllo dello Stato Pontificio e del Regno di Spagna (è questo il caso delle sinagoghe di Trani, Cagliari, Messina, ecc.); di altre si conserva spesso memoria solo nella toponomastica locale. Altre sinagoghe caddero in disuso per la costruzione dei nuovi edifici di culto in seguito all'emancipazione o per il declino demografico che ha interessato numerose piccole comunità ebraiche del Centro-Nord per motivi economici alla fine dell’ottocento e quindi in maniera più accentuata con la Seconda guerra mondiale e le perdite umane e materiali dell'Olocausto. Molte di queste sinagoghe, una volta cadute in disuso, sono state abbandonate, i loro arredi trasferiti in altre città italiane o in Israele. Spesso l'edificio stesso è stato demolito o destinato ad altro uso. In anni recenti tuttavia diverse sinagoghe sono state restaurate e riaperte al pubblico come musei o centri culturali anche in luoghi dove esse non servano più ad un uso liturgico continuato (Casale Monferrato, Biella, Gorizia, Pitigliano, ecc.).",Sinagoghe In Italia
32,Elenco delle sinagoghe italiane[modifica | modifica wikitesto],Sinagoghe In Italia
33,Di seguito è riportato l'elenco (parziale) delle sinagoghe italiane esistenti divise per regione comprese anche quelle abbandonate o demolite delle quali si abbia traccia o notizia. Per ciascuna di esse viene riportato lo stato attuale così come di seguito elencato:,Sinagoghe In Italia
34,integra: sinagoga completa di decorazioni e arredi;,Sinagoghe In Italia
35,dismessa: sinagoga della quale si sia preservata la struttura architettonica ma che sia priva dei suoi arredi e serva oggi ad altra funzione;,Sinagoghe In Italia
36,"smantellata: sinagoga di cui si sia preservato l'edificio o la facciata, ma la cui sala sia stata irrimediabilmente compromessa nella sua struttura originaria;",Sinagoghe In Italia
37,scomparsa: sinagoga della quale si sia persa ogni traccia architettonica;,Sinagoghe In Italia
38,resti archeologici: presenza di un'antica sinagoga rinvenuta attraverso campagne di scavo.,Sinagoghe In Italia
39,Piemonte[modifica | modifica wikitesto],Sinagoghe In Italia
40,Sinagoga di Casale Monferrato.,Sinagoghe In Italia
41,"Sinagoga di Alessandria, del 1871, integra (l'arca originaria, distrutta nei saccheggi della seconda guerra mondiale, è stata sostituita con quella della sinagoga di Nizza Monferrato)",Sinagoghe In Italia
42,"Sinagoga di Asti, integra",Sinagoghe In Italia
43,"Sinagoga di Biella, del 1723, integra",Sinagoghe In Italia
44,"Sinagoga di Carmagnola, del 1724, integra",Sinagoghe In Italia
45,"Sinagoga di Casale Monferrato, del 1595, integra",Sinagoghe In Italia
46,"Sinagoga di Cherasco, del 1730, integra",Sinagoghe In Italia
47,"Sinagoga di Cuneo, del 1611, integra",Sinagoghe In Italia
48,"Sinagoga di Ivrea, del 1875, integra",Sinagoghe In Italia
49,"Sinagoga di Mondovì, del 1750, integra",Sinagoghe In Italia
50,"Sinagoga di Saluzzo, del fine 700, integra",Sinagoghe In Italia
51,"Sinagoga di Torino, integra",Sinagoghe In Italia
52,"Sinagoga di Vercelli, integra",Sinagoghe In Italia
53,"Sinagoga di Moncalvo, dismessa, ora deposito (gli arredi sono in Israele)",Sinagoghe In Italia
54,"Sinagoga di Savigliano, dismessa, ora tipografia",Sinagoghe In Italia
55,"Mole Antonelliana (Torino), mai attiva, ora Museo nazionale del Cinema",Sinagoghe In Italia
56,"Sinagoga di Trino, dismessa, ora Circolo ricreativo per ragazzi (ricostruita fedelmente con i suoi arredi originari in una sala dell'Eretz Museum di Tel Aviv)",Sinagoghe In Italia
57,"Sinagoga di Acqui Terme, smantellata",Sinagoghe In Italia
58,"Sinagoga di Nizza Monferrato, smantellata (gli arredi sono alla sinagoga di Alessandria)",Sinagoghe In Italia
59,"Sinagoga di Chieri, dismessa (gli arredi sono nel tempietto sotterraneo della Sinagoga di Torino)",Sinagoghe In Italia
60,"Sinagoga di Fossano, scomparsa (gli arredi, trasferiti nella Sinagoga di Torino, sono andati distrutti durante la seconda guerra mondiale)",Sinagoghe In Italia
61,Liguria[modifica | modifica wikitesto],Sinagoghe In Italia
62,"Sinagoga di Genova, integra",Sinagoghe In Italia
63,Lombardia[modifica | modifica wikitesto],Sinagoghe In Italia
64,Sinagoga Norsa Torrazzo a Mantova.,Sinagoghe In Italia
65,"Sinagoga Norsa Torrazzo (Mantova), integra",Sinagoghe In Italia
66,"Sinagoghe del ghetto di Mantova, scomparse (gli arredi di quattro delle sei sinagoghe si sono conservati: quelli della sinagoga Norsa Torrazzo nell'edificio ricostruito a Mantova; quelli delle altre tre in Israele)",Sinagoghe In Italia
67,"Sinagoga di Mantova, Scuola Grande, del 1635, dismessa, l'Aron è stato ricostruito nella sala centrale della Jeshivat Ponovez a Bnei Berak",Sinagoghe In Italia
68,"Sinagoga di Mantova, del fine 700, dismessa, l'Aron è ora nell'oratorio del liceo Maale' a Gerusalemme",Sinagoghe In Italia
69,"Sinagoga di Mantova, Scuola Cases, rito spagnolo, del 1800, dismessa, l'Aron è stato ricostruito nella sala Dor Ledor, del Heichal Shlomo a Gerusalemme",Sinagoghe In Italia
70,"Sinagoga di Mantova, del 1795, dismessa, l'Aron è ora al tempio Bet Jeshajau a Tel Aviv",Sinagoghe In Italia
71,"Sinagoga di Sermide, del 1543, smantellata, riadattata ad abitazione l'Aron è stato ricostruito nel tempio italiano a Gerusalemme e gli arredi sono in parte alla Sinagoga centrale di Milano",Sinagoghe In Italia
72,"Sinagoga centrale di Milano, del 1892, funzionante, distrutta nella guerra ricostruita 1947, restaurata e portata al suo aspetto originale nel 1994",Sinagoghe In Italia
73,"Sinagoga di Sabbioneta, integra",Sinagoghe In Italia
74,"Sinagoga di Ostiano, dismessa e diroccata, dal 2008 di proprietà del Comune che ne ha avviato il restauro",Sinagoghe In Italia
75,"Sinagoga di Pomponesco, dismessa, ora usata come deposito di un bar",Sinagoghe In Italia
76,"Sinagoga di Rivarolo Mantovano, dismessa, ora Circolo culturale",Sinagoghe In Italia
77,"Sinagoga di Viadana, dismessa, ora proprietà privata, occasionalmente usata per eventi culturali",Sinagoghe In Italia
78,"Sinagoga di Bozzolo, smantellata, riadattata a abitazione privata (gli arredi sono in Israele)",Sinagoghe In Italia
79,"Sinagoga di Castel Goffredo, scomparsa nel 2010 per abbattimento dell'edificio che la custodiva",Sinagoghe In Italia
80,Veneto[modifica | modifica wikitesto],Sinagoghe In Italia
81,Arca della sinagoga di Conegliano,Sinagoghe In Italia
82,"Sinagoga di Mestre, integra",Sinagoghe In Italia
83,"Sinagoga di Padova di rito italiano, integra",Sinagoghe In Italia
84,"Sinagoga di Padova di rito haskenazita, del 1682 oggi (museo ebraico) L'Aron è al tempio Jad Eliahu a Tel Aviv",Sinagoghe In Italia
85,"Sinagoga di Padova di rito spagnolo, del 1729, dismessa, ora un appartamento privato, sono stati ricostruiti nel tempio Hechal Shelomo a Gerusalemme",Sinagoghe In Italia
86,"Scuola Grande Tedesca, a Venezia, integra",Sinagoghe In Italia
87,"Scuola Canton, a Venezia, rito haskenazita, integra",Sinagoghe In Italia
88,"Scola Italiana, a Venezia, rito italiano, integra.",Sinagoghe In Italia
89,"Scola Levantina, a Venezia, rito spagnolo, integra",Sinagoghe In Italia
90,"Scola Ponentina, a Venezia, integra",Sinagoghe In Italia
91,"Sinagoga di Verona, del 1864, integra",Sinagoghe In Italia
92,"Sinagoga di Rovigo, del 1858, dismessa, oggi di proprietà privata (gli arredi sono alla sinagoga di Padova)",Sinagoghe In Italia
93,"Sinagoga di Vittorio Veneto, dismessa, la sinagoga è stata ricostruita interamente a Gerusalemme, in una sala del museo di Israele",Sinagoghe In Italia
94,"Sinagoga di Conegliano, del 1700, dismessa, gli arredi e l'Aron sono stati portati al tempio italiano di Gerusalemme",Sinagoghe In Italia
95,"Sinagoga di Treviso, scomparsa",Sinagoghe In Italia
96,Sinagoga di Portobuffolé (Treviso) trasformata in chiesa cattolica,Sinagoghe In Italia
97,Trentino-Alto Adige[modifica | modifica wikitesto],Sinagoghe In Italia
98,"Sinagoga di Merano, integra",Sinagoghe In Italia
99,"Sinagoga di Trento, dismessa, ora Cappella di Palazzo Salvatori",Sinagoghe In Italia
100,Friuli-Venezia Giulia[modifica | modifica wikitesto],Sinagoghe In Italia
101,"Sinagoga di Gorizia, integra",Sinagoghe In Italia
102,"Sinagoga di Trieste, Scuola Piccola, del 1800, dismessa, gli arredi sono tempio centrale di Tel Aviv",Sinagoghe In Italia
103,"Sinagoga di Ontagnano, dismessa, in restauro",Sinagoghe In Italia
104,"Sinagoga di Gradisca, scomparsa",Sinagoghe In Italia
105,"Sinagoga di San Daniele del Friuli, del 1700, dismessa, gli arredi sono ora nella sinagoga italiana a Gerusalemme",Sinagoghe In Italia
106,"Sinagoga di Udine, smantellata",Sinagoghe In Italia
107,"Sinagoga di Trieste, integra",Sinagoghe In Italia
108,Emilia-Romagna[modifica | modifica wikitesto],Sinagoghe In Italia
109,"Sinagoga di Bologna, integra",Sinagoghe In Italia
110,"Sinagoghe e museo ebraico di Ferrara, integre",Sinagoghe In Italia
111,"Sinagoga di Modena, integra",Sinagoghe In Italia
112,"Sinagoga di Parma, integra",Sinagoghe In Italia
113,"Sinagoga di Soragna, integra",Sinagoghe In Italia
114,"Sinagoga di Carpi, dismessa, restaurata, ora sede della Fondazione ex Campo di Fossoli (gli arredi sono in parte alla sinagoga di Modena, in parte in Israele)",Sinagoghe In Italia
115,"Sinagoga di Reggio Emilia, dismessa, restaurata, ora Centro culturale (gli arredi sono in Israele a Haifa)",Sinagoghe In Italia
116,"Sinagoga di Cortemaggiore, dismessa, in abbandono, ora deposito (gli arredi sono in parte alla sinagoga di Soragna, in parte in Israele)",Sinagoghe In Italia
117,"Sinagoga di Busseto, smantellata",Sinagoghe In Italia
118,"Sinagoga di Cento, smantellata",Sinagoghe In Italia
119,"Sinagoga di Finale Emilia, smantellata",Sinagoghe In Italia
120,"Sinagoga di Fiorenzuola d'Arda, smantellata, è stata ricostruita nella sala adiacente della Sinagoga centrale di Milano",Sinagoghe In Italia
121,"Sinagoga di Monticelli d'Ongina, smantellata",Sinagoghe In Italia
122,"Sinagoga di Scandiano, smantellata",Sinagoghe In Italia
123,"Sinagoga di Piacenza, scomparsa",Sinagoghe In Italia
124,"Sinagoga di Ravenna, scomparsa",Sinagoghe In Italia
125,"Sinagoga di Cesena, scomparsa",Sinagoghe In Italia
126,Toscana[modifica | modifica wikitesto],Sinagoghe In Italia
127,"Sinagoga di Firenze, aperta al culto",Sinagoghe In Italia
128,"Sinagoga di Livorno, aperta al culto",Sinagoghe In Italia
129,"Sinagoga di Pisa, aperta al culto",Sinagoghe In Italia
130,"Sinagoga di Pitigliano, aperta al culto",Sinagoghe In Italia
131,"Sinagoga di Siena, integra",Sinagoghe In Italia
132,"Sinagoga di Sorano, dismessa, ora centro culturale",Sinagoghe In Italia
133,"Sinagoghe di via delle Oche (Firenze), smantellate (gli arredi, provenienti dalla sinagoghe del ghetto di Firenze, sono oggi in Israele)",Sinagoghe In Italia
134,"Sinagoga di Monte San Savino, smantellata",Sinagoghe In Italia
135,"Sinagoga di via dei Ramaglianti (Firenze), scomparsa",Sinagoghe In Italia
136,"Sinagoghe del Ghetto di Firenze, scomparse (gli arredi, trasferiti in un primo tempo nelle sinagoghe di via delle Oche, sono oggi in Israele)",Sinagoghe In Italia
137,"Sinagoga di Viareggio, via degli Oleandri, aperta al culto",Sinagoghe In Italia
138,Marche[modifica | modifica wikitesto],Sinagoghe In Italia
139,"Sinagoghe di Ancona[1], aperte al culto",Sinagoghe In Italia
140,"Sinagoga di Cagli[2], smantellata o riutilizzata",Sinagoghe In Italia
141,"Sinagoghe di Fano[3], smantellate o riutilizzate",Sinagoghe In Italia
142,"Sinagoga di Pergola[4], integra",Sinagoghe In Italia
143,"Sinagoga di Pesaro[5], integra, un'altra smantellata",Sinagoghe In Italia
144,"Sinagoga di Senigallia[6], integra",Sinagoghe In Italia
145,"Sinagoga di Urbino[7], integra",Sinagoghe In Italia
146,Umbria[modifica | modifica wikitesto],Sinagoghe In Italia
147,"Sinagoga di Foligno, scomparsa e non individuata",Sinagoghe In Italia
148,"Sinagoga di Perugia, ripristinata , si trova in via Pozzo Campana",Sinagoghe In Italia
149,"Sinagoga di Spoleto, smantellata",Sinagoghe In Italia
150,Lazio[modifica | modifica wikitesto],Sinagoghe In Italia
151,"Tempio Maggiore di Roma, aperta al culto",Sinagoghe In Italia
152,"Oratorio Di Castro, aperto al culto (via Cesare Balbo)",Sinagoghe In Italia
153,"Tempio dei giovani, aperta al culto",Sinagoghe In Italia
154,"Tempio Beth Shalom, aperta al culto",Sinagoghe In Italia
155,"Tempio Agudat Ashkenazi, aperta al culto",Sinagoghe In Italia
156,"Tempio Beth El, aperta al culto",Sinagoghe In Italia
157,"Tempio Beth Michal, aperta al culto",Sinagoghe In Italia
158,"Tempio Shirat haYam, aperta al culto",Sinagoghe In Italia
159,"Tempio Spagnolo, aperta al culto",Sinagoghe In Italia
160,"Tempio Chabad Monteverde, aperta al culto",Sinagoghe In Italia
161,"Sinagoga Vecchia di Trastevere, integra",Sinagoghe In Italia
162,"Tempio delle cinque scole, smantellata",Sinagoghe In Italia
163,"Sinagoga di Ostia Antica, resti archeologici",Sinagoghe In Italia
164,"Sinagoga di Campagnano, smantellata",Sinagoghe In Italia
165,"Sinagoga di Sermoneta, smantellata",Sinagoghe In Italia
166,"Sinagoga di Tivoli, smantellata",Sinagoghe In Italia
167,"Sinagoga di Velletri, smantellata",Sinagoghe In Italia
168,"Sinagoga di Fondi, dismessa",Sinagoghe In Italia
169,Campania[modifica | modifica wikitesto],Sinagoghe In Italia
170,"Sinagoga di Napoli, integra",Sinagoghe In Italia
171,"Sinagoga di Benevento, scomparsa",Sinagoghe In Italia
172,"Sinagoga di Salerno, scomparsa",Sinagoghe In Italia
173,Puglia[modifica | modifica wikitesto],Sinagoghe In Italia
174,"Sinagoga di San Severo (FG), soppressa, in parziale abbandono.",Sinagoghe In Italia
175,"Sinagoga Scolanova di Trani, convertita in chiesa di Santa Maria di Scolanova, riconvertita in sinagoga nel 2005",Sinagoghe In Italia
176,Sinagoga San Nicandro Garganico aperta al culto,Sinagoghe In Italia
177,"Sinagoga Grande di Trani, convertita in chiesa di Sant'Anna e oggi sezione ebraica del museo diocesano di Trani.",Sinagoghe In Italia
178,"Sinagoga di Bari, scomparsa",Sinagoghe In Italia
179,"Sinagoga di Oria, scomparsa",Sinagoghe In Italia
180,"Sinagoga di Otranto, scomparsa",Sinagoghe In Italia
181,"Sinagoga di Lecce, distrutta, al suo posto è stata costruita la Basilica Santa Croce. Resta a testimonianza parte del Mikveh nel piccolo museo ebraico accanto alla basilica.",Sinagoghe In Italia
182,"Sinagoga di Soleto, scomparsa",Sinagoghe In Italia
183,"Sinagoga di Sternatia, scomparsa",Sinagoghe In Italia
184,Calabria[modifica | modifica wikitesto],Sinagoghe In Italia
185,"Sinagoga Ner Tamid del Sud, aperta al culto",Sinagoghe In Italia
186,"Sinagoga di Bova Marina, resti archeologici",Sinagoghe In Italia
187,"Sinagoga di Cosenza, scomparsa",Sinagoghe In Italia
188,"Sinagoga di Reggio Calabria, scomparsa",Sinagoghe In Italia
189,Sardegna[modifica | modifica wikitesto],Sinagoghe In Italia
190,"Sinagoga di Alghero, soppressa nel 1492 e sostituita dalla Chiesa di Santa Croce",Sinagoghe In Italia
191,"Sinagoga di Cagliari, soppressa nel 1492 e sostituita dalla Basilica di Santa Croce",Sinagoghe In Italia
192,"Sinagoga di Oristano, ex convento degli Scolopi, oggi aula consiliare",Sinagoghe In Italia
193,"Sinagoga di Sassari, non attestata da alcuna fonte ma forse - se realmente esistita - inglobata nell'Ospedale di Santa Croce e Cappella dell'Annunziata.",Sinagoghe In Italia
194,Sicilia[modifica | modifica wikitesto],Sinagoghe In Italia
195,"Sinagoga di Catania, convertita nella chiesa dei SS. Cosma e Damiano",Sinagoghe In Italia
196,Sinagoga di Messina (convertita in chiesa),Sinagoghe In Italia
197,"Sinagoga di Palermo oratorio di Santa Maria del Sabato, convertita in sinagoga e presto aperta al pubblico[8]",Sinagoghe In Italia
198,Sinagoga di Siracusa aperta al culto,Sinagoghe In Italia
199,"Sinagoga di Siracusa, convertita nella chiesa di Sant'Antonio",Sinagoghe In Italia
200,"Sinagoga di Bivona, scomparsa",Sinagoghe In Italia
201,"Sinagoga di Caltagirone, scomparsa",Sinagoghe In Italia
202,"Sinagoga di Savoca, ruderi",Sinagoghe In Italia
203,Note[modifica | modifica wikitesto],Sinagoghe In Italia
204,"^ Cfr. alla voce ""Ancona"" su Italia Judaica",Sinagoghe In Italia
205,"^ Cfr. alla voce ""Cagli"" su Italia Judaica",Sinagoghe In Italia
206,"^ Cfr. alla voce ""Fano"" su Italia Judaica",Sinagoghe In Italia
207,"^ Cfr. alla voce ""Pergola"" su Italia Judaica",Sinagoghe In Italia
208,"^ Cfr. alla voce ""Pesaro"" su Italia Judaica",Sinagoghe In Italia
209,"^ Cfr. alla voce ""Senigallia"" su Italia Judaica",Sinagoghe In Italia
210,"^ Cfr. alla voce ""Urbino"" su Italia Judaica",Sinagoghe In Italia
211,^ http://palermo.repubblica.it/societa/2017/01/10/news/una_chiesa_di_palermo_diventera_sinagoga_lorefice_concede_l_oratorio_di_santa_maria_del_sabato-155777653/,Sinagoghe In Italia
212,Voci correlate[modifica | modifica wikitesto],Sinagoghe In Italia
213,Comunità ebraiche italiane,Sinagoghe In Italia
214,Ghetti ebraici in Italia,Sinagoghe In Italia
215,Musei ebraici in Italia,Sinagoghe In Italia
216,Cimiteri ebraici in Italia,Sinagoghe In Italia
217,Portale Architettura,Sinagoghe In Italia
218,Portale Ebraismo,Sinagoghe In Italia
